tweet,toxicity
"#[A lâ€™international] HarcÃ¨lement sexuel : prÃ©vention et responsabilitÃ© de lâ€™employeur au Danemark

ğŸ— Retrouvez l'article du cabinet Norrbom Vinding sur le site de Ius Laboris ğŸ‘‰ https://t.co/nDzPM6EiBn

#Travail #HarcÃ¨lement https://t.co/0iKQfomIaB",1
"@MagaliBerdah ( ""T'es la plus grosse Harceleuse de France "" propos de  #DylanThiry ) #magaliberdah instigatrice de #harcelement #menace #soudoyement  sur les rÃ©seaux sociaux ... selon Dylan ğŸ˜³

#LPNJF #booba @booba ğŸ´â€â˜ ï¸ https://t.co/3C5guCVT7e",1
@MaximeHaes En espÃ©rant que le procedure avance #haine #homophobie #harcelement ne laissons rien passer la justice doit Ãªtre saisie https://t.co/q7n6hJvhS3,1
"@MaximeHaes âœŠğŸ»Face Ã  la #haine , au #harcelement et Ã  lâ€™#homophobie nous sommes solidaires et lâ€™avons toujours Ã©tÃ©. Ces agissements seront punis , ces comptes suspendus de @twitter nous y veillons
#LGBT #LGBTQIA cc @SOShomophobie @DILCRAH @flagasso https://t.co/YbVzfLOEIt",1
"@FredericLefevre Ahhhhhh oui, j'ai hÃ¢te !

#RickyCocotier #causette #LFI #FranceInsoumise #harcelement #sexuel #coquerel
#balancetonporcFI
#MeToo

https://t.co/OPFTSaLagd",1
#legislatives2022 : Isabelle Seguin ex #KohLanta candidate #MajoritePresidentielle  dans l'Ain en remplacement d'un candidat #Macron condamnÃ© pour #harcelement. On lui conseille un noveau dÃ©fi : s'inscrire sur #VPM pour gagner une campagne Ã©lectorale ! https://t.co/pLu6e4QRzf,1
"Tw HarcÃ¨lement///

J'ai reÃ§u les messages du mec de mon ex , qui me harcÃ¨le par SMS pour me dire qu'il fallait que j'arrÃªte de parler de sa copine alors que je voulais seulement avoir de ses nouvelles et rien de plus.
Je pense porter plainte contre lui
#harcÃ¨lement https://t.co/P4Vid1jA9k",1
"@E_DupondM Michel #eparcyl #Laloue, en pÃ©riode de sursis d'une peine de prison de trois ans dont deux ferme (TGI Avignon, 2019), en rÃ©cidive de menaces de mort, #swatting, #harcelement, #cyberharcelement, depuis un an et demi tous les jours. Reconnu psychotique et dangereux. https://t.co/3lwuLAC9mn",1
"#Michel #eparcyl #Laloue, condamnÃ© Ã  3 ans de prison pour #harcelement, menaces de mort. Actuellement en rÃ©cidive quotidienne avec la complicitÃ© passive de la @PoliceNationale d'Avignon, multi-alertÃ©e, et de la @Gendarmerie d'Eguzon, qui a refusÃ© de l'interpeller en flag en 2021. https://t.co/MqbneVJaqa",1
"#Michel #eparcyl #Laloue, condamnÃ© Ã  3 ans de prison pour #harcelement, menaces de mort. Actuellement en rÃ©cidive quotidienne avec la complicitÃ© passive de la @PoliceNationale d'Avignon, multi-alertÃ©e, et de la @Gendarmerie d'Eguzon, qui a refusÃ© de l'interpeller en flag en 2021. https://t.co/gT99c9WSci",1
Qu'est ce qu'il a Boulbi encore? La proxÃ©nÃ¨te n'a pas voulu lui filer 2/3 femmes Ã  salir dans son prochain clip? #MagaliBerdah #Booba #harcelement https://t.co/S8wfPUQRAB,1
@TPMP Tpmp #harcÃ¨lement sexuel sur un stagiaire,1
"@simonroussel62 @CaroleDelga Et Coquerel, tu connaissais son existence ?
#RickyCocotier #causette #LFI #FranceInsoumise #harcelement #sexuel #coquerel
#balancetonporcFI
#MeToo
#MeTooPolitique https://t.co/v8HemoHwCn",1
"@carolinedehaas @EmmanuelMacron @Elisabeth_Borne Imagine.
Coquerel est toujours dÃ©putÃ©, imagine !
#RickyCocotier
#causette
#MeToo
#balancetonporcFI
#MeTooPolitique
#harcelement #sexuel https://t.co/xbf0uZDrNp",1
"@shakasunlive @Patrick4485 Je vous demande de ne plus me contacter, dâ€™Ã©crire sur mon mur. Cela fait plus de 100 tweets. Vous me harceler Ã  tous les jours et Ã  toutes les heures. Je vous demande dâ€™arrÃªter et de me laisser tranquille.   @shakasunlive #harcelement #stalker #metooÂ Â  #noncestnon #spvm @SPVM",1
"@shakasunlive @Patrick4485 Je vous demande de ne plus me contacter, dâ€™Ã©crire sur mon mur. Cela fait plus de 100 tweets. Vous me harceler Ã  tous les jours et Ã  toutes les heures. Je vous demande dâ€™arrÃªter et de me laisser tranquille.   @shakasunlive #harcelement #stalker #metooÂ  #noncestnon #spvm @SPVM",1
"#[A lâ€™international] HarcÃ¨lement sexuel : prÃ©vention et responsabilitÃ© de lâ€™employeur au Danemark

ğŸ— Retrouvez l'article du cabinet Norrbom Vinding sur le site de Ius Laboris ğŸ‘‰ https://t.co/HhAP1pTF0r

#Travail #HarcÃ¨lement https://t.co/fkkL87f06O",1
"@shakasunlive Je vous demande de ne plus me contacter et dâ€™Ã©crire sur mon mur. Cela fait plus de 100 tweets sur mon mur.Vous me harceler Ã  tous les jours et Ã  toutes les heures. Je ne vous connais pas, laissez moi tranquille @shakasunlive #harcelement #stalker #metooÂ  #cestassez #noncestnon",1
"@shakasunlive @Patrick4485 Je vous demande de ne plus me contacter et dâ€™Ã©crire sur mon mur. Cela fait plus de 100 tweets sur mon mur.Vous me harceler Ã  tous les jours et Ã  toutes les heures. Je ne vous connais pas, laissez moi tranquille @shakasunlive #harcelement #stalker #metoo #cestassez #noncestnon",1
@shakasunlive @Patrick4485 Vous me harcelez depuis des semaines sur mon mur et quand je vous bloque vous rÃ©apparaÃ®ssez avec un autre compte @shakasunlive  je vous demande dâ€™arrÃªter de me contacter et dâ€™Ã©crire sur mon mur. #harcelement #metoo #harassment #twitter #intimidation #menace #stop,1
@shakasunlive @Patrick4485 Je ne veux rien avoir Ã  faire avec toi je ne te connais pas Je te demanderai dâ€™arrÃªter de publier sur mon mur Ã  longueur de journÃ©e et de mâ€™insulter. câ€™est de lâ€™harcÃ¨lement et de lâ€™intimidation et cela me fait peur  @shakasunlive #Harcelement #stalker  #metoo #intimidation #spvm,1
"@A__SAMEDI Ils m'ont envoyÃ© un email hier, je l'ai d'ailleurs publiÃ©. 
#HarcÃ¨lement 
#Mensonges",1
"#[A lâ€™international] HarcÃ¨lement sexuel : prÃ©vention et responsabilitÃ© de lâ€™employeur au Danemark

ğŸ— Retrouvez l'article du cabinet Norrbom Vinding sur le site de Ius Laboris ğŸ‘‰ https://t.co/2OE9PylXZe

#Travail #HarcÃ¨lement https://t.co/5pftCy7VRE",1
"[RECHERCHE JURISTES]
Plusieurs jeunes chercheuses et chercheurs sont Ã  la recherche d'#avocats connaissant bien l'universitÃ© / la recherche publique pour les aider Ã  faire reconnaitre des situations de #harcÃ¨lement (moral / sexuel) dans ce milieu. 
ğŸ’¡Des idÃ©es ou conseils ?",1
"Grand moment pour les Ã©tablissements scolaires du Lamentin. Merci Ã  @ZobdaDavid @zobda_david pour cette Charte de lutte contre le #harcelement ! Les Ã©lÃ¨ves du @LyceeArmes sont heureux d'y participer.
https://t.co/x7l98ZdWEx",1
Pourquoi il est urgent dâ€™Ã©couter les femmes et cela dÃ¨s leur plus jeune Ã¢ge #stop #harcÃ¨lement #Ã©coute @LesLionnesFR https://t.co/YJJkwEDBgO,1
"Ã€ #Rouen, une appli pour lutter contre le #harcÃ¨lement de rue https://t.co/bRUU9Bl13d via @ouestfrance",1
âš–ï¸ProcÃ¨s pour #harcÃ¨lement et menaces de mort envers #Mila : des peines de trois mois avec sursis Ã  quatre mois de prison ferme prononcÃ©es par la Tribunal correctionnel de Paris Ã  l'encontre de six hommes et femmes de 19 Ã  39 ans.,1
"[A lâ€™international] #HarcÃ¨lement sexuel : prÃ©vention et responsabilitÃ© de lâ€™employeur au #Danemark ğŸ‘‰ https://t.co/ZECEB9W2UC

â„¹ï¸ Retrouvez tous les dÃ©tails sur le site de @IusLaboris ğŸ“² https://t.co/Yp7aTF5vq5

#DroitSocial #Travail #RH #Employeur https://t.co/XllEh23U92",1
"#ChristopheBarbier @bfmtvchaineinfo Ã  une telle empathie pour les victimes de #Abad qu'aurait fait #Robespierre avec un mec comme lui ?
#MeTooPolitique 
#LREM #Renaissance #AvecVous #Ensemble #Horizon #modem #violencesfaitesauxfemmes 
#harcelement https://t.co/4x90hkfCBJ",1
"@actu_incomplete Beaucoup ! Un exemple ? Capucine Coquand, #journaliste auteur de lâ€™enquÃªte Â«Â La collaboration piÃ¨ge Ã  cons Â», dressant la veille de leur nouvelle condamnation pour #harcelement les portraits trompeurs ğŸ’¶ de #BrunoCavalie et de ses associÃ©s de #Racine #ScandalesRacine #RacineLeaks",1
"@Anissa_Khedher Pour la sÃ©curitÃ© in candidat @EmmanuelMacron ğŸ˜‚ğŸ¤£ğŸ˜‚
#jeromepeyrat #yvesBlein #BenoitSimuan #PierreCabarÃ© #StÃ©phaneTrompille #GerarldDarmanin #MeToo 
#LaetitiaAvia  #SiraSylla #harcelement ... Notre sÃ©curitÃ© est en danger avec la #Corruption #violencesfaitesauxfemmes etc .. https://t.co/VMxKq0rgBU",1
"@Maatnefer1 Trump/Biden/Barak/Clinton's/SARKOZY/MACRON/MITTERRAND/MELENCHON TOUS impliquÃ©s ( et leurs Ã©quipes #HarcÃ¨lement en rÃ©seau). Les avocats, les juges, lağŸ‘®â€â™‚ï¸et les JOURNALISTES ont refusÃ© la justice aux vraies ENFANTS victimes (133 sous ingÃ©nierie sociale CIA) pour se faire de l'argent",1
"Quâ€™est-ce quâ€™un rÃ©fÃ©rent harcÃ¨lement en entreprise ? Depuis le 1er janvier 2019, c'est une obligation lÃ©gale dans toutes les entreprises disposant d'un CSE.

Pour mieux comprendre â¤µhttps://t.co/CD5O1CTKL3
#HarcÃ¨lement #Sexisme #CSE",1
"Cela devient du harcÃ¨lement, il me semble puni par la loi... #harcelement #antivax #reconquÃªte https://t.co/uscBZcjfTC",1
"#TPMP #booba #berdah #magalieberdah #maevaanissa Mme Berdah Remenber ğŸ˜Š tout vient Ã  point Ã  qui sait attendre.. dieu est grand !  tu as reussi malhonnÃªtement avec vice, harcÃ¨lement, chantage, arnaque hate que d autres se joignent Ã  @booba pour rÃ©tablir la vÃ©ritÃ© #harcelement https://t.co/FpCneQDRIp",1
@MagaliBerdah tu me menacÃ© c'est Ã§a  ou je rÃªve cest l'hÃ´pital de la charitÃ© @Cyrilhanouna aide moi stp j'ai peur il a mon adresse ip3 #magalieberdah #harcelement,1
"#France #FranceInsoumise #RDC #EducationNationale #harcelement #racisme En France certain directeur dâ€™Ã©cole  favorisÃ©e le racisme dans les Ã©coles en protÃ©geant certains enfants blancs.
Car, ils sont de leur communautÃ©. https://t.co/uGoKEB9a7D",1
#HarcÃ¨lement moral : conscience de l'auteur d'avoir commis le #dÃ©lit https://t.co/2iU0JT604Y https://t.co/85DxC5n1tr #avocat #cabinetavocat,1
#HarcÃ¨lement moral : conscience de l'auteur d'avoir commis le #dÃ©lit https://t.co/GbD04p0fjT https://t.co/11dATYVs0Z,1
"#interview ğŸ™ï¸| Au #travail, appeler une femme Â«ma jolieÂ» ou Â«ma mignonneÂ» peut caractÃ©riser des faits de #harcÃ¨lement sexuel ! Mathilde Peslerbe, experte chez @svp_groupe, revient la nouvelle dÃ©finition du harcÃ¨lement sexuel â¬‡ï¸
https://t.co/3TrKRvSaAV",1
"Sensibilisation au #harcÃ¨lement de 70 Ã©lus, coordonnateurs de services, directeurs et animateurs de centre pÃ©riscolaire des Yvelines au #LycÃ©eHenriMatisse Ã  Trappes en lien avec le #SDJES78 #DSDEN78 #NAH #pHARe https://t.co/burQw6UKG8",1
#HarcÃ¨lement moral : conscience de l'auteur d'avoir commis le #dÃ©lit https://t.co/RJq7pubE8i https://t.co/6jmA42J32y,1
"@TPMP @NellyGarnier #TPMP Et l'autre R.A.C.L.U.R.E DE CHIOTTES de @Cyrilhanouna qui se permet de faire des vannes durant l'intervention de Nelly, on en parle ? Il trouve Ã§a drÃ´le le #harcelement sexuel ?! RANOUNA qui s'autorisait de faire toucher son sexe Ã  @CapucineAnav !!!ğŸ¤®ğŸ¤®ğŸ¤® pour rappel ğŸ‘‡ğŸ‘‡ https://t.co/z8S9VwEnmb",0
"Grande satisfaction devant cette dÃ©cision de justice salutaire. 

Aucune impunitÃ© ne doit Ãªtre tolÃ©rÃ©e derriÃ¨re lâ€™anonymat des Ã©crans. Je lutterai toujours contre le #harcÃ¨lement, quelle quâ€™en soit la forme. Câ€™est un enjeu civique essentiel. #Mila https://t.co/8ToSnAgkQr",1
@Footballogue @MailSport Selon Madrid si le club te demande tu nâ€™as pas le choix il faut y aller sinon tâ€™es un mercenaire! #harcelement,1
"HarcÃ¨lement moral : conscience de l'auteur d'avoir commis le dÃ©lit
#HarcÃ¨lement #HarcÃ¨lementmoral #conscience #dÃ©lit
https://t.co/LpQuD4lHVE https://t.co/cBA2kKRPDz",1
"HarcÃ¨lement moral : conscience de l'auteur d'avoir commis le dÃ©lit
#HarcÃ¨lement #HarcÃ¨lementmoral #conscience #dÃ©lit
https://t.co/8nXxK9nMUC https://t.co/FDd57RO66i",1
@mrtindms qui va finir avec @alixfouache en cours dâ€™histoire #detressepsycologique #harcelement #metoo #balancetonAlix,1
Lutte contre le #harcÃ¨lement et le #cyberharcÃ¨lement SoirÃ©e interactive proposÃ©e par @CollegeMelle et #CSCdumellois ğŸ™@VilledeMelle ğŸ™#quiproquosthÃ©Ã¢tre ğŸ™aux intervenants @TonyPRUDHON1 #AgoraMDA79 #pHARe @DSDEN79 @acpoitiers https://t.co/yAqhDiD5pw,1
